[
    {
        "key": "dbln",
        "value": "%7B%2261565722225193%22%3A%22zeodGuXk%22%7D",
        "domain": "facebook.com",
        "path": "/login/device-based/",
        "hostOnly": false,
        "creation": "2024-10-05T07:56:48.971Z",
        "lastAccessed": "2024-10-05T07:56:48.972Z"
    },
    {
        "key": "sb",
        "value": "Yv73ZnnCpWmbjLgR3lgAD2rm",
        "domain": "facebook.com",
        "path": "/",
        "hostOnly": false,
        "creation": "2024-10-05T07:56:48.972Z",
        "lastAccessed": "2024-10-05T07:56:48.972Z"
    },
    {
        "key": "datr",
        "value": "9uAAZyzJwQXGWG-INf8vbuSt",
        "domain": "facebook.com",
        "path": "/",
        "hostOnly": false,
        "creation": "2024-10-05T07:56:48.972Z",
        "lastAccessed": "2024-10-05T07:56:48.972Z"
    },
    {
        "key": "ps_l",
        "value": "1",
        "domain": "facebook.com",
        "path": "/",
        "hostOnly": false,
        "creation": "2024-10-05T07:56:48.972Z",
        "lastAccessed": "2024-10-05T07:56:48.972Z"
    },
    {
        "key": "ps_n",
        "value": "1",
        "domain": "facebook.com",
        "path": "/",
        "hostOnly": false,
        "creation": "2024-10-05T07:56:48.972Z",
        "lastAccessed": "2024-10-05T07:56:48.972Z"
    },
    {
        "key": "wd",
        "value": "360x666",
        "domain": "facebook.com",
        "path": "/",
        "hostOnly": false,
        "creation": "2024-10-05T07:56:48.972Z",
        "lastAccessed": "2024-10-05T07:56:48.972Z"
    },
    {
        "key": "c_user",
        "value": "61565722225193",
        "domain": "facebook.com",
        "path": "/",
        "hostOnly": false,
        "creation": "2024-10-05T07:56:48.972Z",
        "lastAccessed": "2024-10-05T07:56:48.972Z"
    },
    {
        "key": "fr",
        "value": "0649JN4gnlX602zfG.AWUuXIZt-dubW5Fm0DbpPKhEn7g.BnAOD2..AAA.0.0.BnAOEU.AWWb-zqZ2HY",
        "domain": "facebook.com",
        "path": "/",
        "hostOnly": false,
        "creation": "2024-10-05T07:56:48.972Z",
        "lastAccessed": "2024-10-05T07:56:48.972Z"
    },
    {
        "key": "xs",
        "value": "2%3AeuRFTmeXqnCJtw%3A2%3A1728110868%3A-1%3A7867",
        "domain": "facebook.com",
        "path": "/",
        "hostOnly": false,
        "creation": "2024-10-05T07:56:48.972Z",
        "lastAccessed": "2024-10-05T07:56:48.972Z"
    },
    {
        "key": "locale",
        "value": "en_US",
        "domain": "facebook.com",
        "path": "/",
        "hostOnly": false,
        "creation": "2024-10-05T07:56:48.972Z",
        "lastAccessed": "2024-10-05T07:56:48.973Z"
    },
    {
        "key": "vpd",
        "value": "v1%3B666x360x2",
        "domain": "facebook.com",
        "path": "/",
        "hostOnly": false,
        "creation": "2024-10-05T07:56:48.973Z",
        "lastAccessed": "2024-10-05T07:56:48.973Z"
    },
    {
        "key": "fbl_st",
        "value": "101632600%3BT%3A28801916",
        "domain": "facebook.com",
        "path": "/",
        "hostOnly": false,
        "creation": "2024-10-05T07:56:48.973Z",
        "lastAccessed": "2024-10-05T07:56:48.973Z"
    },
    {
        "key": "wl_cbv",
        "value": "v2%3Bclient_version%3A2635%3Btimestamp%3A1728114972",
        "domain": "facebook.com",
        "path": "/",
        "hostOnly": false,
        "creation": "2024-10-05T07:56:48.973Z",
        "lastAccessed": "2024-10-05T07:56:48.973Z"
    }
]
